{
  "users": [
    {
      "email": "zevrin96@gmail.com",
      "password": "123456",
      "id": 1
    }
  ],
  "Blocks": [
    {
      "id": 2,
      "title": "Понимание дальнейших шагов",
      "text": "После консультаций Вы уходите с понятным планом действий на будущее и структурированной информацией в PDF формате, разработанной индивидуально под Ваши потребности."
    },
    {
      "id": 3,
      "title": "База с более 100 полезных рецептов",
      "text": "Правильное питание - это не отварная куриная грудка, а разнообразие вкусовых качеств! Работая со мной, Вы получаете доступ к базе вкусных и полезных рецептов, который остается у Вас и после консультаций."
    },
    {
      "id": 4,
      "title": "Поддержка в Телеграме 24/7",
      "text": "Остался вопрос после консультации, но не успели или забыли задать? Пишите мне в Телеграм в любое удобное время."
    }
  ]
}